map_id,sample_id,scenario,method,optimal,success,operation,storage,length,runtime_seconds,peak_open,peak_queue_entries,reopened,queue_rebuilds,score_evaluations,fallback_count,skipped_waypoints
3,0,cached,legacy,39.94112549695428,True,44,163,39.941125496954285,0.0018140419997507706,,,,,,,
3,0,cached,astar,39.94112549695428,True,441,544,39.941125496954285,0.0009885420004138723,104,127,0,4,877,0,0
3,0,cached,adaptive,39.94112549695428,True,31,138,39.941125496954285,0.00017420800213585608,108,108,0,4,327,0,0
3,0,cached,fixed_1_controlled,39.94112549695428,True,47,152,39.941125496954285,0.000197208999452414,110,115,4,4,350,0,0
4,0,cached,legacy,16.970562748477146,True,13,64,16.970562748477143,0.0006637920014327392,,,,,,,
4,0,cached,astar,16.970562748477146,True,13,64,16.970562748477143,6.54579998808913e-05,52,52,0,1,89,0,0
4,0,cached,adaptive,16.970562748477146,True,13,64,16.970562748477143,5.8583998907124624e-05,52,52,0,1,89,0,0
4,0,cached,fixed_1_controlled,16.970562748477146,True,13,64,16.970562748477143,5.3625000873580575e-05,52,52,0,1,89,0,0
6,0,cached,legacy,43.28427124746189,True,36,150,43.2842712474619,0.0026482910034246743,,,,,,,
6,0,cached,astar,43.28427124746189,True,391,510,43.2842712474619,0.0009969590028049424,120,162,0,3,815,0,0
6,0,cached,adaptive,43.28427124746189,True,36,147,43.2842712474619,0.0002012089971685782,112,112,0,3,314,0,0
6,0,cached,fixed_1_controlled,43.28427124746189,True,36,147,43.2842712474619,0.00018941700182040222,112,112,0,3,314,0,0
7,0,cached,legacy,44.24264068711928,True,44,141,44.242640687119284,0.0024470829994243104,,,,,,,
7,0,cached,astar,44.24264068711928,True,138,231,44.242640687119284,0.0003683750001073349,94,98,0,3,352,0,0
7,0,cached,adaptive,44.24264068711928,True,44,137,44.242640687119284,0.00018491700029699132,94,94,0,3,248,0,0
7,0,cached,fixed_1_controlled,44.24264068711928,True,44,136,44.242640687119284,0.00017624999964027666,93,93,0,3,240,0,0
9,0,cached,legacy,27.79898987322334,True,24,101,28.38477631085024,0.0013316670010681264,,,,,,,
9,0,cached,astar,27.79898987322334,True,74,145,27.79898987322333,0.0002177499991375953,72,117,0,3,235,0,0
9,0,cached,adaptive,27.79898987322334,True,24,93,28.38477631085024,9.579200195730664e-05,70,70,0,3,131,0,0
9,0,cached,fixed_1_controlled,27.79898987322334,True,24,93,28.38477631085024,8.754200098337606e-05,70,70,0,3,131,0,0
11,0,cached,legacy,16.72792206135786,True,14,63,16.727922061357855,0.0008684999993420206,,,,,,,
11,0,cached,astar,16.72792206135786,True,38,82,16.727922061357855,0.00012208300177007914,45,64,0,3,154,0,0
11,0,cached,adaptive,16.72792206135786,True,14,59,16.727922061357855,6.566600131918676e-05,46,46,0,3,111,0,0
11,0,cached,fixed_1_controlled,16.72792206135786,True,14,59,16.727922061357855,6.066599962650798e-05,46,46,0,3,111,0,0
15,0,cached,legacy,28.213203435596434,True,218,216,28.213203435596427,0.006772249998903135,,,,,,,
15,0,cached,astar,28.213203435596434,True,255,316,28.213203435596427,0.0006020000000717118,62,72,0,3,501,0,0
15,0,cached,adaptive,28.213203435596434,True,350,311,28.213203435596427,0.0009716250024212059,71,103,103,7,1010,1,0
15,0,cached,fixed_1_controlled,28.213203435596434,True,362,191,28.213203435596427,0.0010470840024936479,60,138,230,3,874,0,0
17,0,cached,legacy,34.07106781186547,True,43,125,34.071067811865476,0.0020688330005214084,,,,,,,
17,0,cached,astar,34.07106781186547,True,107,180,34.071067811865476,0.00029679200088139623,74,77,0,4,352,0,0
17,0,cached,adaptive,34.07106781186547,True,34,105,34.071067811865476,0.00014545899830409326,72,72,0,4,246,0,0
17,0,cached,fixed_1_controlled,34.07106781186547,True,43,112,34.071067811865476,0.00015570899995509535,71,71,1,4,256,0,0
18,0,cached,legacy,12.656854249492381,True,12,47,12.65685424949238,0.000649500001600245,,,,,,,
18,0,cached,astar,12.656854249492381,True,35,70,12.65685424949238,9.766599760041572e-05,36,40,0,2,101,0,0
18,0,cached,adaptive,12.656854249492381,True,12,45,12.65685424949238,5.108299956191331e-05,34,34,0,2,72,0,0
18,0,cached,fixed_1_controlled,12.656854249492381,True,12,44,12.65685424949238,4.6542001655325294e-05,33,33,0,2,70,0,0
19,0,cached,legacy,31.485281374238575,True,30,105,31.48528137423857,0.001625167002202943,,,,,,,
19,0,cached,astar,31.485281374238575,True,193,276,31.48528137423857,0.0004895419988315552,84,93,0,2,459,0,0
19,0,cached,adaptive,31.485281374238575,True,30,104,31.48528137423857,0.00013533400124288164,75,75,0,2,195,0,0
19,0,cached,fixed_1_controlled,31.485281374238575,True,30,104,31.48528137423857,0.00012879200221505016,75,75,0,2,195,0,0
23,0,cached,legacy,35.48528137423857,True,34,117,35.48528137423857,0.0017744579999998678,,,,,,,
23,0,cached,astar,35.48528137423857,True,111,170,35.48528137423857,0.00039108399869292043,60,67,0,4,296,0,0
23,0,cached,adaptive,35.48528137423857,True,34,109,35.48528137423857,0.00017162499716505408,76,76,0,4,261,0,0
23,0,cached,fixed_1_controlled,35.48528137423857,True,34,111,35.48528137423857,0.00015150000035646372,78,78,0,4,265,0,0
24,0,cached,legacy,45.65685424949237,True,46,148,45.65685424949238,0.002926541998022003,,,,,,,
24,0,cached,astar,45.65685424949237,True,392,486,45.65685424949238,0.000918624999030726,115,115,0,2,691,0,0
24,0,cached,adaptive,45.65685424949237,True,46,144,45.65685424949238,0.0002202910000050906,99,99,0,2,325,0,0
24,0,cached,fixed_1_controlled,45.65685424949237,True,46,144,45.65685424949238,0.00024354099878109992,99,99,0,2,325,0,0
